0.000000000000000000e+00,1.200000000000000157e-07,2.400000000000000315e-07,4.800000000000000630e-07,9.600000000000001260e-07,1.920000000000000252e-06,3.840000000000000504e-06,7.680000000000001008e-06,1.536000000000000202e-05,3.072000000000000403e-05,6.144000000000000806e-05,9.216000000000001209e-05,1.200000000000000030e-04
1.000000000000000000e+00,1.000000000000000000e+00,1.000000000000000000e+00,1.000000000000000000e+00,1.000000000000000000e+00,1.000000000000000000e+00,1.000000000000000000e+00,9.999999999999997780e-01,9.999999999999987788e-01,9.999999999999946709e-01,9.999999999999780176e-01,9.999999999999535927e-01,9.999999999999250599e-01
3.459933145091669210e-27,1.598749608733035760e-17,3.197499219644851723e-17,6.394998443707786738e-17,1.252353857719962004e-16,2.504707723552993077e-16,5.062707101031680290e-16,1.017870585606107081e-15,2.033076588554129700e-15,4.066153177242508538e-15,8.132306354919968158e-15,1.219312916066470953e-14,1.587823613140132436e-14
9.999999999999999547e-07,9.999193074930983216e-07,9.998386279493646725e-07,9.996772992607263346e-07,9.993548916619071924e-07,9.987109029122638185e-07,9.974262217016328680e-07,9.948699742454668915e-07,9.898094014373349077e-07,9.798917634229684544e-07,9.608384251580052322e-07,9.425362083672257645e-07,9.265433550733582193e-07
1.257677729514394809e-05,1.257476142051736571e-05,1.257274586973887719e-05,1.256871552761066304e-05,1.256066108336258203e-05,1.254457284133222430e-05,1.251247870572104208e-05,1.244861807481004031e-05,1.232219393991609290e-05,1.207442973200420957e-05,1.159843581974261434e-05,1.114120655320208057e-05,1.074167021564375696e-05
1.572097161892993723e-06,1.574113037181121118e-06,1.576128588621158462e-06,1.580158932072466871e-06,1.588213378966729850e-06,1.604301626289459965e-06,1.636395772485384214e-06,1.700256424565869841e-06,1.826680601798782409e-06,2.074444894388595003e-06,2.550438976006039455e-06,3.007668411902413965e-06,3.407204902939457329e-06
1.572097161892993511e-06,1.572097161892978476e-06,1.572097161892963441e-06,1.572097161892933372e-06,1.572097161892873021e-06,1.572097161892752530e-06,1.572097161892511338e-06,1.572097161892029164e-06,1.572097161891064605e-06,1.572097161889135911e-06,1.572097161885278735e-06,1.572097161881421982e-06,1.572097161877927336e-06
8.001667006354866274e+00,8.001667006354866274e+00,8.001667006354864498e+00,8.001667006354864498e+00,8.001667006354864498e+00,8.001667006354864498e+00,8.001667006354862721e+00,8.001667006354862721e+00,8.001667006354860945e+00,8.001667006354860945e+00,8.001667006354860945e+00,8.001667006354860945e+00,8.001667006354862721e+00
5.228781632229582144e+00,5.228781632229582144e+00,5.228781632229582144e+00,5.228781632229582144e+00,5.228781632229582144e+00,5.228781632229582144e+00,5.228781632229582144e+00,5.228781632229582144e+00,5.228781632229582144e+00,5.228781632229582144e+00,5.228781632229582144e+00,5.228781632229582144e+00,5.228781632229582144e+00
1.077147481624693315e+00,1.077147481624692427e+00,1.077147481624691538e+00,1.077147481624689984e+00,1.077147481624687098e+00,1.077147481624681324e+00,1.077147481624670222e+00,1.077147481624648684e+00,1.077147481624606273e+00,1.077147481624521452e+00,1.077147481624352032e+00,1.077147481624182834e+00,1.077147481624029179e+00
1.077147481624693537e+00,1.077147481624693981e+00,1.077147481624694425e+00,1.077147481624695535e+00,1.077147481624697756e+00,1.077147481624702419e+00,1.077147481624712633e+00,1.077147481624733727e+00,1.077147481624775915e+00,1.077147481624860514e+00,1.077147481625029934e+00,1.077147481625199132e+00,1.077147481625352565e+00
1.538782116606704286e-05,1.538869657836081805e-05,1.538925551472909332e-05,1.539010721831320395e-05,1.539107908724850164e-05,1.539236628277471463e-05,1.539369437402899205e-05,1.539461934367963926e-05,1.539496562958032655e-05,1.539492374782716795e-05,1.539465879960959384e-05,1.539439231632591882e-05,1.539415881986820850e-05
1.538782116606705018e-03,1.538781241194411148e-03,1.538780682258043039e-03,1.538779830554458860e-03,1.538778858685523488e-03,1.538777571489997322e-03,1.538776243398743164e-03,1.538775318429092378e-03,1.538774972143191816e-03,1.538775014024945089e-03,1.538775278973162535e-03,1.538775545456446325e-03,1.538775778952903954e-03
1.538782116606704964e-05,1.538782116635432933e-05,1.538782116653780006e-05,1.538782116681745645e-05,1.538782116713702166e-05,1.538782116756128013e-05,1.538782116800198799e-05,1.538782116831692839e-05,1.538782116845459496e-05,1.538782116848865924e-05,1.538782116849374482e-05,1.538782116849471044e-05,1.538782116849534402e-05
1.538782116606704625e-05,1.538782116606704286e-05,1.538782116606704286e-05,1.538782116606703609e-05,1.538782116606703270e-05,1.538782116606702931e-05,1.538782116606702592e-05,1.538782116606701914e-05,1.538782116606701914e-05,1.538782116606701914e-05,1.538782116606701914e-05,1.538782116606701914e-05,1.538782116606701914e-05
1.538782116606704625e-05,1.538869657836082144e-05,1.538925551472909671e-05,1.539010721831320734e-05,1.539107908724850503e-05,1.539236628277471802e-05,1.539369437402899544e-05,1.539461934367964264e-05,1.539496562958032994e-05,1.539492374782717134e-05,1.539465879960959723e-05,1.539439231632592220e-05,1.539415881986821189e-05
1.000000000000000000e+00,1.000000000000000000e+00,1.000000000000000000e+00,1.000000000000000000e+00,1.000000000000000000e+00,1.000000000000000000e+00,1.000000000000000000e+00,1.000000000000000000e+00,1.000000000000000000e+00,1.000000000000000000e+00,1.000000000000000000e+00,1.000000000000000000e+00,1.000000000000000000e+00
4.447923769404894517e-27,-6.210332819033464233e-26,-1.177922366205781028e-25,-2.222054901449711450e-25,-5.688829315565335404e-25,-8.900952040341098750e-25,-1.777900784802008468e-24,-3.546688428903676889e-24,-7.057296021946851766e-24,-1.397317880249347445e-23,-2.740311789279670964e-23,-4.122565760789667669e-22,-5.452081783492934158e-23
9.999999999999999547e-07,9.999999995965067047e-07,9.999999991930464890e-07,9.999999983862022905e-07,9.999999967731428154e-07,9.999999935491058722e-07,9.999999871093318499e-07,9.999999742628007262e-07,9.999999487004367212e-07,9.999998980879698855e-07,9.999997988312911207e-07,9.999997014652741739e-07,9.999996147213500236e-07
1.257677729514394809e-05,1.257677728506381048e-05,1.257677727498448941e-05,1.257677725482776325e-05,1.257677721453002679e-05,1.257677713398656169e-05,1.257677697310698007e-05,1.257677665217263720e-05,1.257677601356909574e-05,1.257677474915940504e-05,1.257677226951132129e-05,1.257676983709609523e-05,1.257676767004387572e-05
1.572097161892993723e-06,1.572097171973134723e-06,1.572097182052459394e-06,1.572097202209194444e-06,1.572097242506941916e-06,1.572097323050434333e-06,1.572097483930067829e-06,1.572097804864518067e-06,1.572098443468268949e-06,1.572099707878374911e-06,1.572102187527271175e-06,1.572104619943297900e-06,1.572106786996227003e-06
1.572097161892993511e-06,1.572097161892993511e-06,1.572097161892993511e-06,1.572097161892993511e-06,1.572097161892993511e-06,1.572097161892993511e-06,1.572097161892993511e-06,1.572097161892993511e-06,1.572097161892993511e-06,1.572097161892993511e-06,1.572097161892993511e-06,1.572097161892993511e-06,1.572097161892993511e-06
8.001667006354866274e+00,8.001667006354866274e+00,8.001667006354866274e+00,8.001667006354866274e+00,8.001667006354864498e+00,8.001667006354864498e+00,8.001667006354862721e+00,8.001667006354862721e+00,8.001667006354862721e+00,8.001667006354862721e+00,8.001667006354860945e+00,8.001667006354862721e+00,8.001667006354862721e+00
5.228781632229582144e+00,5.228781632229582144e+00,5.228781632229582144e+00,5.228781632229582144e+00,5.228781632229582144e+00,5.228781632229582144e+00,5.228781632229582144e+00,5.228781632229582144e+00,5.228781632229582144e+00,5.228781632229582144e+00,5.228781632229582144e+00,5.228781632229582144e+00,5.228781632229582144e+00
1.077147481624693315e+00,1.077147481624693093e+00,1.077147481624692871e+00,1.077147481624692871e+00,1.077147481624692427e+00,1.077147481624691983e+00,1.077147481624691538e+00,1.077147481624691316e+00,1.077147481624691094e+00,1.077147481624691094e+00,1.077147481624691094e+00,1.077147481624691094e+00,1.077147481624691316e+00
1.077147481624693537e+00,1.077147481624693315e+00,1.077147481624693093e+00,1.077147481624693093e+00,1.077147481624692649e+00,1.077147481624692205e+00,1.077147481624691761e+00,1.077147481624691538e+00,1.077147481624691316e+00,1.077147481624691316e+00,1.077147481624691316e+00,1.077147481624691316e+00,1.077147481624691538e+00
1.538782116606704286e-05,1.538831642345916013e-05,1.538876997564361034e-05,1.538953563556192376e-05,1.539048887153355308e-05,1.539174957135872680e-05,1.539305341359084142e-05,1.539396376267348094e-05,1.539430897291633896e-05,1.539427841828988982e-05,1.539403866975251836e-05,1.539379661764659002e-05,1.539358448234176056e-05
1.538782116606705018e-03,1.538781621349312847e-03,1.538781167797128539e-03,1.538780402137210259e-03,1.538779448901238548e-03,1.538778188201413199e-03,1.538776884359181318e-03,1.538775974010098526e-03,1.538775628799855756e-03,1.538775659354482510e-03,1.538775899103019722e-03,1.538776141155125511e-03,1.538776353290430277e-03
1.538782116606704964e-05,1.538782116622957493e-05,1.538782116637844267e-05,1.538782116662981155e-05,1.538782116694313920e-05,1.538782116735844623e-05,1.538782116779065665e-05,1.538782116809969493e-05,1.538782116823480007e-05,1.538782116826823755e-05,1.538782116827323843e-05,1.538782116827419727e-05,1.538782116827482746e-05
1.538782116606704625e-05,1.538782116606704286e-05,1.538782116606704286e-05,1.538782116606703947e-05,1.538782116606703609e-05,1.538782116606703270e-05,1.538782116606702592e-05,1.538782116606702253e-05,1.538782116606702253e-05,1.538782116606702253e-05,1.538782116606702253e-05,1.538782116606702253e-05,1.538782116606701914e-05
1.538782116606704625e-05,1.538831642345916351e-05,1.538876997564361373e-05,1.538953563556192715e-05,1.539048887153355647e-05,1.539174957135873019e-05,1.539305341359084481e-05,1.539396376267348433e-05,1.539430897291634235e-05,1.539427841828989321e-05,1.539403866975252175e-05,1.539379661764659341e-05,1.539358448234176395e-05
1.000000000000000000e+00,1.000000000000000000e+00,1.000000000000000000e+00,1.000000000000000000e+00,1.000000000000000000e+00,1.000000000000000000e+00,1.000000000000000000e+00,1.000000000000000000e+00,1.000000000000000000e+00,1.000000000000000000e+00,1.000000000000000000e+00,1.000000000000000000e+00,1.000000000000000000e+00
4.339177234955174799e-33,-5.012847405973661058e-26,-1.002488104619783150e-25,-2.004652832571008122e-25,-4.008014746413457887e-25,-8.010850405399522816e-25,-1.600110341872018547e-24,-3.192019506152732392e-24,-6.351564590530279978e-24,-1.257584803355597579e-23,-2.466263985404828573e-23,-3.628028454811999425e-23,-4.645080009028237901e-23
9.999999999999999547e-07,9.999999995964740940e-07,9.999999991929482332e-07,9.999999983858973586e-07,9.999999967717962447e-07,9.999999935435967699e-07,9.999999870872031142e-07,9.999999741744236378e-07,9.999999483488723083e-07,9.999998966977772726e-07,9.999997933956037184e-07,9.999996900934473166e-07,9.999995964758812925e-07
1.257677729514394809e-05,1.257677728506299563e-05,1.257677727498204487e-05,1.257677725482015012e-05,1.257677721449638772e-05,1.257677713384893069e-05,1.257677697255415047e-05,1.257677664996478822e-05,1.257677600478625347e-05,1.257677471442936183e-05,1.257677213371600546e-05,1.257676955300306414e-05,1.257676721423231095e-05
1.572097161892993723e-06,1.572097171973949568e-06,1.572097182054903296e-06,1.572097202216805670e-06,1.572097242540579712e-06,1.572097323188062999e-06,1.572097484482895740e-06,1.572097807072364924e-06,1.572098452251112074e-06,1.572099742608426379e-06,1.572102323322629355e-06,1.572104904036416438e-06,1.572107242807939162e-06
1.572097161892993511e-06,1.572097161892993511e-06,1.572097161892993511e-06,1.572097161892993511e-06,1.572097161892993511e-06,1.572097161892993511e-06,1.572097161892993511e-06,1.572097161892993511e-06,1.572097161892993511e-06,1.572097161892993511e-06,1.572097161892993511e-06,1.572097161892993511e-06,1.572097161892993511e-06
8.001667006354866274e+00,8.001667006354866274e+00,8.001667006354866274e+00,8.001667006354866274e+00,8.001667006354864498e+00,8.001667006354864498e+00,8.001667006354862721e+00,8.001667006354862721e+00,8.001667006354862721e+00,8.001667006354862721e+00,8.001667006354862721e+00,8.001667006354862721e+00,8.001667006354862721e+00
5.228781632229582144e+00,5.228781632229582144e+00,5.228781632229582144e+00,5.228781632229582144e+00,5.228781632229582144e+00,5.228781632229582144e+00,5.228781632229582144e+00,5.228781632229582144e+00,5.228781632229582144e+00,5.228781632229582144e+00,5.228781632229582144e+00,5.228781632229582144e+00,5.228781632229582144e+00
1.077147481624693315e+00,1.077147481624693315e+00,1.077147481624693093e+00,1.077147481624692871e+00,1.077147481624692649e+00,1.077147481624692205e+00,1.077147481624691761e+00,1.077147481624691538e+00,1.077147481624691316e+00,1.077147481624691316e+00,1.077147481624691316e+00,1.077147481624691316e+00,1.077147481624691316e+00
1.077147481624693537e+00,1.077147481624693537e+00,1.077147481624693315e+00,1.077147481624693093e+00,1.077147481624692871e+00,1.077147481624692427e+00,1.077147481624691983e+00,1.077147481624691761e+00,1.077147481624691538e+00,1.077147481624691538e+00,1.077147481624691538e+00,1.077147481624691538e+00,1.077147481624691538e+00
1.538782116606704286e-05,1.538810135124243060e-05,1.538843561748652963e-05,1.538906877367202396e-05,1.538997808891029038e-05,1.539118538582433241e-05,1.539243961322036644e-05,1.539331766113889569e-05,1.539365411089398258e-05,1.539363300588068013e-05,1.539341822447547084e-05,1.539320060060191169e-05,1.539300983687497354e-05
1.538782116606705018e-03,1.538781836421529610e-03,1.538781502155285585e-03,1.538780868999100118e-03,1.538779959683861777e-03,1.538778752386947644e-03,1.538777498159551657e-03,1.538776620111633213e-03,1.538776283661878221e-03,1.538776304766891574e-03,1.538776519548296692e-03,1.538776737172170258e-03,1.538776927935897121e-03
1.538782116606704964e-05,1.538782116615899676e-05,1.538782116626870785e-05,1.538782116647655619e-05,1.538782116677536569e-05,1.538782116717291214e-05,1.538782116758832759e-05,1.538782116788568020e-05,1.538782116801570653e-05,1.538782116804789717e-05,1.538782116805273542e-05,1.538782116805368749e-05,1.538782116805431429e-05
1.538782116606704625e-05,1.538782116606704625e-05,1.538782116606704625e-05,1.538782116606704286e-05,1.538782116606703947e-05,1.538782116606703270e-05,1.538782116606702931e-05,1.538782116606702592e-05,1.538782116606702253e-05,1.538782116606702253e-05,1.538782116606702253e-05,1.538782116606702253e-05,1.538782116606702592e-05
1.538782116606704625e-05,1.538810135124243399e-05,1.538843561748653302e-05,1.538906877367202735e-05,1.538997808891029377e-05,1.539118538582433579e-05,1.539243961322036983e-05,1.539331766113889908e-05,1.539365411089398597e-05,1.539363300588068352e-05,1.539341822447547423e-05,1.539320060060191507e-05,1.539300983687497693e-05
1.000000000000000000e+00,1.000000000000000000e+00,1.000000000000000000e+00,1.000000000000000000e+00,1.000000000000000000e+00,1.000000000000000000e+00,1.000000000000000000e+00,1.000000000000000000e+00,1.000000000000000000e+00,1.000000000000000000e+00,1.000000000000000000e+00,1.000000000000000000e+00,1.000000000000000000e+00
2.056114474372865667e-33,-4.455864227727003696e-26,-8.911004672148544707e-26,-1.781913768976838194e-25,-3.562680162174995793e-25,-7.120760672101174706e-25,-1.422320601321617011e-24,-2.837350192668146366e-24,-5.645836511168490872e-24,-1.117853211288483962e-23,-2.192234161947288327e-23,-3.224933215392122200e-23,-4.128959833824349496e-23
9.999999999999999547e-07,9.999999995964740940e-07,9.999999991929482332e-07,9.999999983858971468e-07,9.999999967717956095e-07,9.999999935435948641e-07,9.999999870871988790e-07,9.999999741744141087e-07,9.999999483488519795e-07,9.999998966977351327e-07,9.999997933955204974e-07,9.999996900933247086e-07,9.999995964757258620e-07
1.257677729514394809e-05,1.257677728506299563e-05,1.257677727498204148e-05,1.257677725482014334e-05,1.257677721449636909e-05,1.257677713384888495e-05,1.257677697255404374e-05,1.257677664996454767e-05,1.257677600478573847e-05,1.257677471442830812e-05,1.257677213371392515e-05,1.257676955300001482e-05,1.257676721422842646e-05
1.572097161892993723e-06,1.572097171973950415e-06,1.572097182054905626e-06,1.572097202216811599e-06,1.572097242540597076e-06,1.572097323188107680e-06,1.572097484483002043e-06,1.572097807072604423e-06,1.572098452251625164e-06,1.572099742609478818e-06,1.572102323324709033e-06,1.572104904039466816e-06,1.572107242811820902e-06
1.572097161892993511e-06,1.572097161892993511e-06,1.572097161892993511e-06,1.572097161892993511e-06,1.572097161892993511e-06,1.572097161892993511e-06,1.572097161892993511e-06,1.572097161892993511e-06,1.572097161892993511e-06,1.572097161892993511e-06,1.572097161892993511e-06,1.572097161892993511e-06,1.572097161892993511e-06
8.001667006354866274e+00,8.001667006354866274e+00,8.001667006354866274e+00,8.001667006354866274e+00,8.001667006354864498e+00,8.001667006354864498e+00,8.001667006354864498e+00,8.001667006354862721e+00,8.001667006354862721e+00,8.001667006354862721e+00,8.001667006354862721e+00,8.001667006354862721e+00,8.001667006354862721e+00
5.228781632229582144e+00,5.228781632229582144e+00,5.228781632229582144e+00,5.228781632229582144e+00,5.228781632229582144e+00,5.228781632229582144e+00,5.228781632229582144e+00,5.228781632229582144e+00,5.228781632229582144e+00,5.228781632229582144e+00,5.228781632229582144e+00,5.228781632229582144e+00,5.228781632229582144e+00
1.077147481624693315e+00,1.077147481624693315e+00,1.077147481624693093e+00,1.077147481624693093e+00,1.077147481624692871e+00,1.077147481624692427e+00,1.077147481624691983e+00,1.077147481624691761e+00,1.077147481624691538e+00,1.077147481624691538e+00,1.077147481624691538e+00,1.077147481624691538e+00,1.077147481624691538e+00
1.077147481624693537e+00,1.077147481624693537e+00,1.077147481624693315e+00,1.077147481624693315e+00,1.077147481624693093e+00,1.077147481624692649e+00,1.077147481624692205e+00,1.077147481624691983e+00,1.077147481624691761e+00,1.077147481624691761e+00,1.077147481624691761e+00,1.077147481624691761e+00,1.077147481624691761e+00
1.538782116606704286e-05,1.538797967086393299e-05,1.538821267821762642e-05,1.538870884611573503e-05,1.538954307931022909e-05,1.539067150104316199e-05,1.539185193926619557e-05,1.539268070259020547e-05,1.539300099785641634e-05,1.539298753515010783e-05,1.539279749617440541e-05,1.539260429683208126e-05,1.539243491395760475e-05
1.538782116606705018e-03,1.538781958101908057e-03,1.538781725094554411e-03,1.538781228926656411e-03,1.538780394693461733e-03,1.538779266271728943e-03,1.538778085833505862e-03,1.538777257070181835e-03,1.538776936774915831e-03,1.538776950237622258e-03,1.538777140276597699e-03,1.538777333475940074e-03,1.538777502858814338e-03
1.538782116606704964e-05,1.538782116611906424e-05,1.538782116619554115e-05,1.538782116635840864e-05,1.538782116663249495e-05,1.538782116700394262e-05,1.538782116739465181e-05,1.538782116767476222e-05,1.538782116779728723e-05,1.538782116782764150e-05,1.538782116783223919e-05,1.538782116783317432e-05,1.538782116783380451e-05
1.538782116606704625e-05,1.538782116606704625e-05,1.538782116606704625e-05,1.538782116606704286e-05,1.538782116606703947e-05,1.538782116606703609e-05,1.538782116606703270e-05,1.538782116606702931e-05,1.538782116606702592e-05,1.538782116606702592e-05,1.538782116606702592e-05,1.538782116606702592e-05,1.538782116606702592e-05
1.538782116606704625e-05,1.538797967086393638e-05,1.538821267821762981e-05,1.538870884611573842e-05,1.538954307931023248e-05,1.539067150104316537e-05,1.539185193926619896e-05,1.539268070259020886e-05,1.539300099785641972e-05,1.539298753515011122e-05,1.539279749617440880e-05,1.539260429683208465e-05,1.539243491395760814e-05
1.000000000000000000e+00,1.000000000000000000e+00,1.000000000000000000e+00,1.000000000000000000e+00,1.000000000000000000e+00,1.000000000000000000e+00,1.000000000000000000e+00,1.000000000000000000e+00,1.000000000000000000e+00,1.000000000000000000e+00,1.000000000000000000e+00,1.000000000000000000e+00,1.000000000000000000e+00
2.304273086774958783e-33,-3.898881382013343719e-26,-7.797129355256380071e-26,-1.559174153689790435e-25,-3.117344362595749702e-25,-6.230667512722769947e-25,-1.244530410980694598e-24,-2.482681245483239641e-24,-4.940105116011449254e-24,-9.781215532789095208e-24,-1.918205463720990490e-23,-2.821826259384466195e-23,-3.612839888209482429e-23
9.999999999999999547e-07,9.999999995964740940e-07,9.999999991929482332e-07,9.999999983858969351e-07,9.999999967717947624e-07,9.999999935435931700e-07,9.999999870871946439e-07,9.999999741744045795e-07,9.999999483488314390e-07,9.999998966976927811e-07,9.999997933954366412e-07,9.999996900932008300e-07,9.999995964755668315e-07
1.257677729514394809e-05,1.257677728506299563e-05,1.257677727498204148e-05,1.257677725482013995e-05,1.257677721449635723e-05,1.257677713384884768e-05,1.257677697255394887e-05,1.257677664996432066e-05,1.257677600478523872e-05,1.257677471442726797e-05,1.257677213371184145e-05,1.257676955299692993e-05,1.257676721422446912e-05
1.572097161892993723e-06,1.572097171973950627e-06,1.572097182054906896e-06,1.572097202216816046e-06,1.572097242540610841e-06,1.572097323188145796e-06,1.572097484483099240e-06,1.572097807072833122e-06,1.572098452252127031e-06,1.572099742610522150e-06,1.572102323326793793e-06,1.572104904042552345e-06,1.572107242815780781e-06
1.572097161892993511e-06,1.572097161892993511e-06,1.572097161892993511e-06,1.572097161892993511e-06,1.572097161892993511e-06,1.572097161892993511e-06,1.572097161892993511e-06,1.572097161892993511e-06,1.572097161892993511e-06,1.572097161892993511e-06,1.572097161892993511e-06,1.572097161892993511e-06,1.572097161892993511e-06
8.001667006354866274e+00,8.001667006354866274e+00,8.001667006354866274e+00,8.001667006354866274e+00,8.001667006354864498e+00,8.001667006354864498e+00,8.001667006354864498e+00,8.001667006354864498e+00,8.001667006354862721e+00,8.001667006354862721e+00,8.001667006354862721e+00,8.001667006354862721e+00,8.001667006354862721e+00
5.228781632229582144e+00,5.228781632229582144e+00,5.228781632229582144e+00,5.228781632229582144e+00,5.228781632229582144e+00,5.228781632229582144e+00,5.228781632229582144e+00,5.228781632229582144e+00,5.228781632229582144e+00,5.228781632229582144e+00,5.228781632229582144e+00,5.228781632229582144e+00,5.228781632229582144e+00
1.077147481624693315e+00,1.077147481624693315e+00,1.077147481624693315e+00,1.077147481624693093e+00,1.077147481624692871e+00,1.077147481624692427e+00,1.077147481624692205e+00,1.077147481624691983e+00,1.077147481624691761e+00,1.077147481624691761e+00,1.077147481624691761e+00,1.077147481624691761e+00,1.077147481624691761e+00
1.077147481624693537e+00,1.077147481624693537e+00,1.077147481624693537e+00,1.077147481624693315e+00,1.077147481624693093e+00,1.077147481624692649e+00,1.077147481624692427e+00,1.077147481624692205e+00,1.077147481624691983e+00,1.077147481624691983e+00,1.077147481624691983e+00,1.077147481624691983e+00,1.077147481624691983e+00
1.538782116606704286e-05,1.538791082213665623e-05,1.538806740482280444e-05,1.538844138536309635e-05,1.538917758588700303e-05,1.539020463054440555e-05,1.539128885445157353e-05,1.539205237364544367e-05,1.539234954966555027e-05,1.539234202600003873e-05,1.539217651706607454e-05,1.539200773813992316e-05,1.539185974430839839e-05
1.538782116606705018e-03,1.538782026950635340e-03,1.538781870367949287e-03,1.538781496387408958e-03,1.538780760186885021e-03,1.538779733142227584e-03,1.538778648918320531e-03,1.538777885399126698e-03,1.538777588223106578e-03,1.538777595746772297e-03,1.538777761255706112e-03,1.538777930034632277e-03,1.538778078028463659e-03
1.538782116606704964e-05,1.538782116609647217e-05,1.538782116614786336e-05,1.538782116627061876e-05,1.538782116651246022e-05,1.538782116685045008e-05,1.538782116720911771e-05,1.538782116746676142e-05,1.538782116757950828e-05,1.538782116760746376e-05,1.538782116761174974e-05,1.538782116761266454e-05,1.538782116761328795e-05
1.538782116606704625e-05,1.538782116606704625e-05,1.538782116606704625e-05,1.538782116606704286e-05,1.538782116606704286e-05,1.538782116606703609e-05,1.538782116606703270e-05,1.538782116606702931e-05,1.538782116606702931e-05,1.538782116606702931e-05,1.538782116606702931e-05,1.538782116606702931e-05,1.538782116606702592e-05
1.538782116606704625e-05,1.538791082213665962e-05,1.538806740482280783e-05,1.538844138536309974e-05,1.538917758588700642e-05,1.539020463054440894e-05,1.539128885445157691e-05,1.539205237364544705e-05,1.539234954966555365e-05,1.539234202600004212e-05,1.539217651706607792e-05,1.539200773813992654e-05,1.539185974430840178e-05
1.000000000000000000e+00,1.000000000000000000e+00,1.000000000000000000e+00,1.000000000000000000e+00,1.000000000000000000e+00,1.000000000000000000e+00,1.000000000000000000e+00,1.000000000000000000e+00,1.000000000000000000e+00,1.000000000000000000e+00,1.000000000000000000e+00,1.000000000000000000e+00,1.000000000000000000e+00
3.545066148785424362e-33,-3.341898531336612283e-26,-6.683254008585180570e-26,-1.336435157240308738e-25,-2.672010965478197751e-25,-5.340570680588799908e-25,-1.066740346870315149e-24,-2.128012205984710309e-24,-4.234375963983864818e-24,-8.383898258998199512e-24,-1.644175964043757454e-23,-2.418718673200085959e-23,-3.096719958696343023e-23
9.999999999999999547e-07,9.999999995964740940e-07,9.999999991929482332e-07,9.999999983858967233e-07,9.999999967717945507e-07,9.999999935435921112e-07,9.999999870871914675e-07,9.999999741743961092e-07,9.999999483488123807e-07,9.999998966976521235e-07,9.999997933953542672e-07,9.999996900930786455e-07,9.999995964754094952e-07
1.257677729514394809e-05,1.257677728506299394e-05,1.257677727498203979e-05,1.257677725482013487e-05,1.257677721449634368e-05,1.257677713384881550e-05,1.257677697255385740e-05,1.257677664996409874e-05,1.257677600478474405e-05,1.257677471442623120e-05,1.257677213370976453e-05,1.257676955299385181e-05,1.257676721422051686e-05
1.572097161892993723e-06,1.572097171973951051e-06,1.572097182054907743e-06,1.572097202216818799e-06,1.572097242540621640e-06,1.572097323188179042e-06,1.572097484483188814e-06,1.572097807073052927e-06,1.572098452252619369e-06,1.572099742611555954e-06,1.572102323328869447e-06,1.572104904045628768e-06,1.572107242819731978e-06
1.572097161892993511e-06,1.572097161892993511e-06,1.572097161892993511e-06,1.572097161892993511e-06,1.572097161892993511e-06,1.572097161892993511e-06,1.572097161892993511e-06,1.572097161892993511e-06,1.572097161892993511e-06,1.572097161892993511e-06,1.572097161892993511e-06,1.572097161892993511e-06,1.572097161892993511e-06
8.001667006354866274e+00,8.001667006354866274e+00,8.001667006354866274e+00,8.001667006354866274e+00,8.001667006354866274e+00,8.001667006354864498e+00,8.001667006354864498e+00,8.001667006354864498e+00,8.001667006354864498e+00,8.001667006354864498e+00,8.001667006354862721e+00,8.001667006354864498e+00,8.001667006354862721e+00
5.228781632229582144e+00,5.228781632229582144e+00,5.228781632229582144e+00,5.228781632229582144e+00,5.228781632229582144e+00,5.228781632229582144e+00,5.228781632229582144e+00,5.228781632229582144e+00,5.228781632229582144e+00,5.228781632229582144e+00,5.228781632229582144e+00,5.228781632229582144e+00,5.228781632229582144e+00
1.077147481624693315e+00,1.077147481624693315e+00,1.077147481624693315e+00,1.077147481624693315e+00,1.077147481624692871e+00,1.077147481624692649e+00,1.077147481624692427e+00,1.077147481624692205e+00,1.077147481624691983e+00,1.077147481624691983e+00,1.077147481624691983e+00,1.077147481624691983e+00,1.077147481624691983e+00
1.077147481624693537e+00,1.077147481624693537e+00,1.077147481624693537e+00,1.077147481624693537e+00,1.077147481624693093e+00,1.077147481624692871e+00,1.077147481624692649e+00,1.077147481624692427e+00,1.077147481624692205e+00,1.077147481624692205e+00,1.077147481624692205e+00,1.077147481624692205e+00,1.077147481624692205e+00
1.538782116606704286e-05,1.538787185545042476e-05,1.538797432237466609e-05,1.538824757596813134e-05,1.538887343923913694e-05,1.538978055027691411e-05,1.539074835430858230e-05,1.539143199467723201e-05,1.539169964590846469e-05,1.539169649389674895e-05,1.539155531909068458e-05,1.539141095632289157e-05,1.539128435865831288e-05
1.538782116606705018e-03,1.538782065917321555e-03,1.538781963450397286e-03,1.538781690196803923e-03,1.538781064333532992e-03,1.538780157222495015e-03,1.538779189418463438e-03,1.538778505778094947e-03,1.538778238126863691e-03,1.538778241278875546e-03,1.538778382453681549e-03,1.538778526816449166e-03,1.538778653414113809e-03
1.538782116606704964e-05,1.538782116608368536e-05,1.538782116611731596e-05,1.538782116620700659e-05,1.538782116641258148e-05,1.538782116671103862e-05,1.538782116703105106e-05,1.538782116726144063e-05,1.538782116736231209e-05,1.538782116738735716e-05,1.538782116739126368e-05,1.538782116739215137e-05,1.538782116739277817e-05
1.538782116606704625e-05,1.538782116606704625e-05,1.538782116606704625e-05,1.538782116606704625e-05,1.538782116606704286e-05,1.538782116606703947e-05,1.538782116606703609e-05,1.538782116606703270e-05,1.538782116606703270e-05,1.538782116606703270e-05,1.538782116606703270e-05,1.538782116606703270e-05,1.538782116606702931e-05
1.538782116606704625e-05,1.538787185545042815e-05,1.538797432237466948e-05,1.538824757596813473e-05,1.538887343923914033e-05,1.538978055027691750e-05,1.539074835430858569e-05,1.539143199467723539e-05,1.539169964590846807e-05,1.539169649389675234e-05,1.539155531909068797e-05,1.539141095632289496e-05,1.539128435865831627e-05
1.000000000000000000e+00,1.000000000000000000e+00,1.000000000000000000e+00,1.000000000000000000e+00,1.000000000000000000e+00,1.000000000000000000e+00,1.000000000000000000e+00,1.000000000000000000e+00,1.000000000000000000e+00,1.000000000000000000e+00,1.000000000000000000e+00,1.000000000000000000e+00,1.000000000000000000e+00
3.966937846984096597e-33,-2.784915603730247119e-26,-5.569378575057936378e-26,-1.113695919686604423e-25,-2.226675385377750494e-25,-4.450477334841894927e-25,-8.889504391109445883e-25,-1.773342936276390917e-24,-3.528646558859484538e-24,-6.986583814777550761e-24,-1.370146652489430931e-23,-2.015611615538137630e-23,-2.580600024609326886e-23
9.999999999999999547e-07,9.999999995964740940e-07,9.999999991929482332e-07,9.999999983858967233e-07,9.999999967717943389e-07,9.999999935435910524e-07,9.999999870871880793e-07,9.999999741743876389e-07,9.999999483487926872e-07,9.999998966976108306e-07,9.999997933952710462e-07,9.999996900929554022e-07,9.999995964752513118e-07
1.257677729514394809e-05,1.257677728506299394e-05,1.257677727498203979e-05,1.257677725482013318e-05,1.257677721449633690e-05,1.257677713384878500e-05,1.257677697255377269e-05,1.257677664996388529e-05,1.257677600478425955e-05,1.257677471442520290e-05,1.257677213370769438e-05,1.257676955299078047e-05,1.257676721421656969e-05
1.572097161892993723e-06,1.572097171973951262e-06,1.572097182054908378e-06,1.572097202216820916e-06,1.572097242540630322e-06,1.572097323188207841e-06,1.572097484483272458e-06,1.572097807073265108e-06,1.572098452253103660e-06,1.572099742612581499e-06,1.572102323330937266e-06,1.572104904048697992e-06,1.572107242823676187e-06
1.572097161892993511e-06,1.572097161892993511e-06,1.572097161892993511e-06,1.572097161892993511e-06,1.572097161892993511e-06,1.572097161892993511e-06,1.572097161892993511e-06,1.572097161892993511e-06,1.572097161892993511e-06,1.572097161892993511e-06,1.572097161892993511e-06,1.572097161892993511e-06,1.572097161892993511e-06
8.001667006354866274e+00,8.001667006354866274e+00,8.001667006354866274e+00,8.001667006354866274e+00,8.001667006354866274e+00,8.001667006354866274e+00,8.001667006354864498e+00,8.001667006354864498e+00,8.001667006354864498e+00,8.001667006354864498e+00,8.001667006354864498e+00,8.001667006354864498e+00,8.001667006354862721e+00
5.228781632229582144e+00,5.228781632229582144e+00,5.228781632229582144e+00,5.228781632229582144e+00,5.228781632229582144e+00,5.228781632229582144e+00,5.228781632229582144e+00,5.228781632229582144e+00,5.228781632229582144e+00,5.228781632229582144e+00,5.228781632229582144e+00,5.228781632229582144e+00,5.228781632229582144e+00
1.077147481624693315e+00,1.077147481624693315e+00,1.077147481624693315e+00,1.077147481624693315e+00,1.077147481624693093e+00,1.077147481624692871e+00,1.077147481624692427e+00,1.077147481624692427e+00,1.077147481624692205e+00,1.077147481624692205e+00,1.077147481624692205e+00,1.077147481624692205e+00,1.077147481624692205e+00
1.077147481624693537e+00,1.077147481624693537e+00,1.077147481624693537e+00,1.077147481624693537e+00,1.077147481624693315e+00,1.077147481624693093e+00,1.077147481624692649e+00,1.077147481624692649e+00,1.077147481624692427e+00,1.077147481624692427e+00,1.077147481624692427e+00,1.077147481624692427e+00,1.077147481624692427e+00
1.538782116606704286e-05,1.538784978189033955e-05,1.538791539225885032e-05,1.538810950106552536e-05,1.538862144458176743e-05,1.538939426299903992e-05,1.539022801341951289e-05,1.539081873361322408e-05,1.539105113280998382e-05,1.539105095022476788e-05,1.539093393393334270e-05,1.539081398317291468e-05,1.539070878774895891e-05
1.538782116606705018e-03,1.538782087990881765e-03,1.538782022380513282e-03,1.538781828271706563e-03,1.538781316328190337e-03,1.538780543509773004e-03,1.538779709759352521e-03,1.538779119039158840e-03,1.538778886639962165e-03,1.538778886822547449e-03,1.538779003838838854e-03,1.538779123789599333e-03,1.538779228985023102e-03
1.538782116606704964e-05,1.538782116607644154e-05,1.538782116609797312e-05,1.538782116616168693e-05,1.538782116632982975e-05,1.538782116658406161e-05,1.538782116685965225e-05,1.538782116705852203e-05,1.538782116714564445e-05,1.538782116716731494e-05,1.538782116717078100e-05,1.538782116717164159e-05,1.538782116717226500e-05
1.538782116606704625e-05,1.538782116606704625e-05,1.538782116606704625e-05,1.538782116606704625e-05,1.538782116606704286e-05,1.538782116606703947e-05,1.538782116606703609e-05,1.538782116606703609e-05,1.538782116606703270e-05,1.538782116606703270e-05,1.538782116606703270e-05,1.538782116606703270e-05,1.538782116606703270e-05
1.538782116606704625e-05,1.538784978189034294e-05,1.538791539225885371e-05,1.538810950106552874e-05,1.538862144458177082e-05,1.538939426299904331e-05,1.539022801341951628e-05,1.539081873361322747e-05,1.539105113280998720e-05,1.539105095022477127e-05,1.539093393393334608e-05,1.539081398317291807e-05,1.539070878774896229e-05
1.000000000000000000e+00,1.000000000000000000e+00,1.000000000000000000e+00,1.000000000000000000e+00,1.000000000000000000e+00,1.000000000000000000e+00,1.000000000000000000e+00,1.000000000000000000e+00,1.000000000000000000e+00,1.000000000000000000e+00,1.000000000000000000e+00,1.000000000000000000e+00,1.000000000000000000e+00
4.847903272000228803e-33,-2.227932717070133243e-26,-4.455503018691987110e-26,-8.909567337676817224e-26,-1.781341191794417650e-25,-3.560379748925167179e-25,-7.111605702147100342e-25,-1.418673124767681107e-24,-2.822918362207212204e-24,-5.589262314207968251e-24,-1.096117148771291919e-23,-1.612504407368726444e-23,-2.064480091216347887e-23
9.999999999999999547e-07,9.999999995964740940e-07,9.999999991929482332e-07,9.999999983858965116e-07,9.999999967717939154e-07,9.999999935435899936e-07,9.999999870871851147e-07,9.999999741743798038e-07,9.999999483487738407e-07,9.999998966975703848e-07,9.999997933951888840e-07,9.999996900928327942e-07,9.999995964750939754e-07
1.257677729514394809e-05,1.257677728506299394e-05,1.257677727498203979e-05,1.257677725482013148e-05,1.257677721449633182e-05,1.257677713384876298e-05,1.257677697255369815e-05,1.257677664996368539e-05,1.257677600478378521e-05,1.257677471442418815e-05,1.257677213370563778e-05,1.257676955298772099e-05,1.257676721421263607e-05
1.572097161892993723e-06,1.572097171973951262e-06,1.572097182054908590e-06,1.572097202216822187e-06,1.572097242540636887e-06,1.572097323188233041e-06,1.572097484483350174e-06,1.572097807073470302e-06,1.572098452253580328e-06,1.572099742613599633e-06,1.572102323332997886e-06,1.572104904051760228e-06,1.572107242827613408e-06
1.572097161892993511e-06,1.572097161892993511e-06,1.572097161892993511e-06,1.572097161892993511e-06,1.572097161892993511e-06,1.572097161892993511e-06,1.572097161892993511e-06,1.572097161892993511e-06,1.572097161892993511e-06,1.572097161892993511e-06,1.572097161892993511e-06,1.572097161892993511e-06,1.572097161892993511e-06
8.001667006354866274e+00,8.001667006354866274e+00,8.001667006354866274e+00,8.001667006354866274e+00,8.001667006354866274e+00,8.001667006354866274e+00,8.001667006354864498e+00,8.001667006354864498e+00,8.001667006354864498e+00,8.001667006354864498e+00,8.001667006354864498e+00,8.001667006354864498e+00,8.001667006354864498e+00
5.228781632229582144e+00,5.228781632229582144e+00,5.228781632229582144e+00,5.228781632229582144e+00,5.228781632229582144e+00,5.228781632229582144e+00,5.228781632229582144e+00,5.228781632229582144e+00,5.228781632229582144e+00,5.228781632229582144e+00,5.228781632229582144e+00,5.228781632229582144e+00,5.228781632229582144e+00
1.077147481624693315e+00,1.077147481624693315e+00,1.077147481624693315e+00,1.077147481624693315e+00,1.077147481624693093e+00,1.077147481624692871e+00,1.077147481624692649e+00,1.077147481624692427e+00,1.077147481624692427e+00,1.077147481624692427e+00,1.077147481624692427e+00,1.077147481624692427e+00,1.077147481624692427e+00
1.077147481624693537e+00,1.077147481624693537e+00,1.077147481624693537e+00,1.077147481624693537e+00,1.077147481624693315e+00,1.077147481624693093e+00,1.077147481624692871e+00,1.077147481624692649e+00,1.077147481624692649e+00,1.077147481624692649e+00,1.077147481624692649e+00,1.077147481624692649e+00,1.077147481624692649e+00
1.538782116606704286e-05,1.538783724359200485e-05,1.538787832893835563e-05,1.538801199622067304e-05,1.538841210858775299e-05,1.538904017317652706e-05,1.538972503899660519e-05,1.539021162253348217e-05,1.539040382676548418e-05,1.539040540271698456e-05,1.539031239305049440e-05,1.539021685047649963e-05,1.539013306233104431e-05
1.538782116606705018e-03,1.538782100529180073e-03,1.538782059443833793e-03,1.538781925776551473e-03,1.538781525664184406e-03,1.538780897599595571e-03,1.538780212733775483e-03,1.538779726150238565e-03,1.538779533946006651e-03,1.538779532370055259e-03,1.538779625379721634e-03,1.538779720922295704e-03,1.538779804710440962e-03
1.538782116606704964e-05,1.538782116607232496e-05,1.538782116608580972e-05,1.538782116612968603e-05,1.538782116626108795e-05,1.538782116646767928e-05,1.538782116669399293e-05,1.538782116685767019e-05,1.538782116692942743e-05,1.538782116694733032e-05,1.538782116695030171e-05,1.538782116695112842e-05,1.538782116695175183e-05
1.538782116606704625e-05,1.538782116606704625e-05,1.538782116606704625e-05,1.538782116606704625e-05,1.538782116606704286e-05,1.538782116606704286e-05,1.538782116606703947e-05,1.538782116606703609e-05,1.538782116606703609e-05,1.538782116606703609e-05,1.538782116606703609e-05,1.538782116606703609e-05,1.538782116606703609e-05
1.538782116606704625e-05,1.538783724359200824e-05,1.538787832893835902e-05,1.538801199622067642e-05,1.538841210858775638e-05,1.538904017317653045e-05,1.538972503899660858e-05,1.539021162253348556e-05,1.539040382676548757e-05,1.539040540271698795e-05,1.539031239305049779e-05,1.539021685047650302e-05,1.539013306233104770e-05
1.000000000000000000e+00,1.000000000000000000e+00,1.000000000000000000e+00,1.000000000000000000e+00,1.000000000000000000e+00,1.000000000000000000e+00,1.000000000000000000e+00,1.000000000000000000e+00,1.000000000000000000e+00,1.000000000000000000e+00,1.000000000000000000e+00,1.000000000000000000e+00,1.000000000000000000e+00
5.369036651918212052e-33,-1.670949808075852845e-26,-3.341627530569873215e-26,-6.682175490541071409e-26,-1.336006301274272845e-25,-2.670286204277979710e-25,-5.333699866671520977e-25,-1.064006571775258177e-24,-2.117188871085209156e-24,-4.191951706973513685e-24,-8.220877852476639598e-24,-1.209397200105496947e-23,-1.548360155836415799e-23
9.999999999999999547e-07,9.999999995964740940e-07,9.999999991929482332e-07,9.999999983858965116e-07,9.999999967717939154e-07,9.999999935435891466e-07,9.999999870871821501e-07,9.999999741743715453e-07,9.999999483487549942e-07,9.999998966975297272e-07,9.999997933951067218e-07,9.999996900927103980e-07,9.999995964749362155e-07
1.257677729514394809e-05,1.257677728506299394e-05,1.257677727498203979e-05,1.257677725482013148e-05,1.257677721449632504e-05,1.257677713384873757e-05,1.257677697255362192e-05,1.257677664996348210e-05,1.257677600478331257e-05,1.257677471442317510e-05,1.257677213370358118e-05,1.257676955298466489e-05,1.257676721420870245e-05
1.572097161892993723e-06,1.572097171973951262e-06,1.572097182054908590e-06,1.572097202216823034e-06,1.572097242540642604e-06,1.572097323188255699e-06,1.572097484483424501e-06,1.572097807073670837e-06,1.572098452254051702e-06,1.572099742614612261e-06,1.572102323335053423e-06,1.572104904054817382e-06,1.572107242831545970e-06
1.572097161892993511e-06,1.572097161892993511e-06,1.572097161892993511e-06,1.572097161892993511e-06,1.572097161892993511e-06,1.572097161892993511e-06,1.572097161892993511e-06,1.572097161892993511e-06,1.572097161892993511e-06,1.572097161892993511e-06,1.572097161892993511e-06,1.572097161892993511e-06,1.572097161892993511e-06
8.001667006354866274e+00,8.001667006354866274e+00,8.001667006354866274e+00,8.001667006354866274e+00,8.001667006354866274e+00,8.001667006354866274e+00,8.001667006354866274e+00,8.001667006354864498e+00,8.001667006354864498e+00,8.001667006354864498e+00,8.001667006354864498e+00,8.001667006354864498e+00,8.001667006354866274e+00
5.228781632229582144e+00,5.228781632229582144e+00,5.228781632229582144e+00,5.228781632229582144e+00,5.228781632229582144e+00,5.228781632229582144e+00,5.228781632229582144e+00,5.228781632229582144e+00,5.228781632229582144e+00,5.228781632229582144e+00,5.228781632229582144e+00,5.228781632229582144e+00,5.228781632229582144e+00
1.077147481624693315e+00,1.077147481624693315e+00,1.077147481624693315e+00,1.077147481624693315e+00,1.077147481624693093e+00,1.077147481624693093e+00,1.077147481624692871e+00,1.077147481624692649e+00,1.077147481624692649e+00,1.077147481624692649e+00,1.077147481624692649e+00,1.077147481624692649e+00,1.077147481624692649e+00
1.077147481624693537e+00,1.077147481624693537e+00,1.077147481624693537e+00,1.077147481624693537e+00,1.077147481624693315e+00,1.077147481624693315e+00,1.077147481624693093e+00,1.077147481624692871e+00,1.077147481624692871e+00,1.077147481624692871e+00,1.077147481624692871e+00,1.077147481624692871e+00,1.077147481624692871e+00
1.538782116606704286e-05,1.538783006111636874e-05,1.538785495739352692e-05,1.538794293677063691e-05,1.538823611198069107e-05,1.538871224939081635e-05,1.538923632927269796e-05,1.538960957667953304e-05,1.538975751842587702e-05,1.538975985595293343e-05,1.538969072770080980e-05,1.538961959001518997e-05,1.538955721316283585e-05
1.538782116606705018e-03,1.538782107711655607e-03,1.538782082815378510e-03,1.538781994836001471e-03,1.538781701660791451e-03,1.538781225523381353e-03,1.538780701443499431e-03,1.538780328196092491e-03,1.538780180254346397e-03,1.538780177916819307e-03,1.538780247045071258e-03,1.538780318182757061e-03,1.538780380559609225e-03
1.538782116606704964e-05,1.538782116606996682e-05,1.538782116607814238e-05,1.538782116610701943e-05,1.538782116620329997e-05,1.538782116635989942e-05,1.538782116653304651e-05,1.538782116665852597e-05,1.538782116671358311e-05,1.538782116672738636e-05,1.538782116672982581e-05,1.538782116673061864e-05,1.538782116673123866e-05
1.538782116606704625e-05,1.538782116606704625e-05,1.538782116606704625e-05,1.538782116606704625e-05,1.538782116606704625e-05,1.538782116606704286e-05,1.538782116606703947e-05,1.538782116606703947e-05,1.538782116606703947e-05,1.538782116606703947e-05,1.538782116606703947e-05,1.538782116606703947e-05,1.538782116606703947e-05
1.538782116606704625e-05,1.538783006111637213e-05,1.538785495739353030e-05,1.538794293677064030e-05,1.538823611198069445e-05,1.538871224939081974e-05,1.538923632927270135e-05,1.538960957667953643e-05,1.538975751842588041e-05,1.538975985595293682e-05,1.538969072770081319e-05,1.538961959001519336e-05,1.538955721316283924e-05
1.000000000000000000e+00,1.000000000000000000e+00,1.000000000000000000e+00,1.000000000000000000e+00,1.000000000000000000e+00,1.000000000000000000e+00,1.000000000000000000e+00,1.000000000000000000e+00,1.000000000000000000e+00,1.000000000000000000e+00,1.000000000000000000e+00,1.000000000000000000e+00,1.000000000000000000e+00
6.281021903484605897e-33,-1.113966920174929491e-26,-2.227752072226666190e-26,-4.454783648456914417e-26,-8.906715214595877434e-26,-1.780189835147715619e-25,-3.555800939577061485e-25,-7.093372179385054916e-25,-1.411458975021913721e-24,-2.794630966574754793e-24,-5.480585772312969371e-24,-8.062899928579315005e-24,-1.032240218190528214e-23
9.999999999999999547e-07,9.999999995964740940e-07,9.999999991929482332e-07,9.999999983858965116e-07,9.999999967717934919e-07,9.999999935435880878e-07,9.999999870871789737e-07,9.999999741743632867e-07,9.999999483487359360e-07,9.999998966974892814e-07,9.999997933950243479e-07,9.999996900925882134e-07,9.999995964747790909e-07
1.257677729514394809e-05,1.257677728506299394e-05,1.257677727498203979e-05,1.257677725482013148e-05,1.257677721449631996e-05,1.257677713384871894e-05,1.257677697255355416e-05,1.257677664996328728e-05,1.257677600478284670e-05,1.257677471442216883e-05,1.257677213370153137e-05,1.257676955298161219e-05,1.257676721420477560e-05
1.572097161892993723e-06,1.572097171973951474e-06,1.572097182054909226e-06,1.572097202216823669e-06,1.572097242540647263e-06,1.572097323188276451e-06,1.572097484483495016e-06,1.572097807073866714e-06,1.572098452254518205e-06,1.572099742615620230e-06,1.572102323337104089e-06,1.572104904057870089e-06,1.572107242835474509e-06
1.572097161892993511e-06,1.572097161892993511e-06,1.572097161892993511e-06,1.572097161892993511e-06,1.572097161892993511e-06,1.572097161892993511e-06,1.572097161892993511e-06,1.572097161892993511e-06,1.572097161892993511e-06,1.572097161892993511e-06,1.572097161892993511e-06,1.572097161892993511e-06,1.572097161892993511e-06
8.001667006354866274e+00,8.001667006354866274e+00,8.001667006354866274e+00,8.001667006354866274e+00,8.001667006354866274e+00,8.001667006354866274e+00,8.001667006354866274e+00,8.001667006354866274e+00,8.001667006354866274e+00,8.001667006354866274e+00,8.001667006354864498e+00,8.001667006354866274e+00,8.001667006354866274e+00
5.228781632229582144e+00,5.228781632229582144e+00,5.228781632229582144e+00,5.228781632229582144e+00,5.228781632229582144e+00,5.228781632229582144e+00,5.228781632229582144e+00,5.228781632229582144e+00,5.228781632229582144e+00,5.228781632229582144e+00,5.228781632229582144e+00,5.228781632229582144e+00,5.228781632229582144e+00
1.077147481624693315e+00,1.077147481624693315e+00,1.077147481624693315e+00,1.077147481624693315e+00,1.077147481624693315e+00,1.077147481624693093e+00,1.077147481624693093e+00,1.077147481624692871e+00,1.077147481624692871e+00,1.077147481624692871e+00,1.077147481624692871e+00,1.077147481624692871e+00,1.077147481624692871e+00
1.077147481624693537e+00,1.077147481624693537e+00,1.077147481624693537e+00,1.077147481624693537e+00,1.077147481624693537e+00,1.077147481624693315e+00,1.077147481624693315e+00,1.077147481624693093e+00,1.077147481624693093e+00,1.077147481624693093e+00,1.077147481624693093e+00,1.077147481624693093e+00,1.077147481624693093e+00
1.538782116606704286e-05,1.538782584030129894e-05,1.538783988125987692e-05,1.538789285429785088e-05,1.538808454331745486e-05,1.538840416133329569e-05,1.538875853453571920e-05,1.538901141546491857e-05,1.538911197725703416e-05,1.538911431191588116e-05,1.538906896897992887e-05,1.538902223356622970e-05,1.538898127100861421e-05
1.538782116606705018e-03,1.538782111932470711e-03,1.538782097891512211e-03,1.538782044918474146e-03,1.538781853229454670e-03,1.538781533611438806e-03,1.538781179238236365e-03,1.538780926357307278e-03,1.538780825795515094e-03,1.538780823460856369e-03,1.538780868803792156e-03,1.538780915539205872e-03,1.538780956501763653e-03
1.538782116606704964e-05,1.538782116606858446e-05,1.538782116607319232e-05,1.538782116609058021e-05,1.538782116615353170e-05,1.538782116625864510e-05,1.538782116637570844e-05,1.538782116646068618e-05,1.538782116649802339e-05,1.538782116650747967e-05,1.538782116650934991e-05,1.538782116651010547e-05,1.538782116651072550e-05
1.538782116606704625e-05,1.538782116606704625e-05,1.538782116606704625e-05,1.538782116606704625e-05,1.538782116606704625e-05,1.538782116606704286e-05,1.538782116606704286e-05,1.538782116606704286e-05,1.538782116606704286e-05,1.538782116606704286e-05,1.538782116606704286e-05,1.538782116606704286e-05,1.538782116606704286e-05
1.538782116606704625e-05,1.538782584030130233e-05,1.538783988125988031e-05,1.538789285429785427e-05,1.538808454331745825e-05,1.538840416133329907e-05,1.538875853453572259e-05,1.538901141546492195e-05,1.538911197725703755e-05,1.538911431191588455e-05,1.538906896897993226e-05,1.538902223356623309e-05,1.538898127100861760e-05
1.000000000000000000e+00,1.000000000000000000e+00,1.000000000000000000e+00,1.000000000000000000e+00,1.000000000000000000e+00,1.000000000000000000e+00,1.000000000000000000e+00,1.000000000000000000e+00,1.000000000000000000e+00,1.000000000000000000e+00,1.000000000000000000e+00,1.000000000000000000e+00,1.000000000000000000e+00
7.129205729792181560e-33,-5.569840346612065076e-27,-1.113876616713451339e-26,-2.227391761042536691e-26,-4.453368578486499865e-26,-8.900948791390332130e-26,-1.777900005446996970e-25,-3.546696620528903381e-25,-7.057294952865080672e-25,-1.397315662042108138e-24,-2.740295634173662188e-24,-4.031827853235125919e-24,-5.161202828201686912e-24
9.999999999999999547e-07,9.999999995964740940e-07,9.999999991929482332e-07,9.999999983858965116e-07,9.999999967717934919e-07,9.999999935435874525e-07,9.999999870871762209e-07,9.999999741743556634e-07,9.999999483487173013e-07,9.999998966974488356e-07,9.999997933949421857e-07,9.999996900924658172e-07,9.999995964746215428e-07
1.257677729514394809e-05,1.257677728506299394e-05,1.257677727498203979e-05,1.257677725482013148e-05,1.257677721449631827e-05,1.257677713384869861e-05,1.257677697255348470e-05,1.257677664996309416e-05,1.257677600478238422e-05,1.257677471442116425e-05,1.257677213369948493e-05,1.257676955297856456e-05,1.257676721420085045e-05
1.572097161892993723e-06,1.572097171973951474e-06,1.572097182054909226e-06,1.572097202216824093e-06,1.572097242540651075e-06,1.572097323188295933e-06,1.572097484483563838e-06,1.572097807074060472e-06,1.572098452254982379e-06,1.572099742616625870e-06,1.572102323339152850e-06,1.572104904060921101e-06,1.572107242839400930e-06
1.572097161892993511e-06,1.572097161892993511e-06,1.572097161892993511e-06,1.572097161892993511e-06,1.572097161892993511e-06,1.572097161892993511e-06,1.572097161892993511e-06,1.572097161892993511e-06,1.572097161892993511e-06,1.572097161892993511e-06,1.572097161892993511e-06,1.572097161892993511e-06,1.572097161892993511e-06
8.001667006354866274e+00,8.001667006354866274e+00,8.001667006354866274e+00,8.001667006354866274e+00,8.001667006354866274e+00,8.001667006354866274e+00,8.001667006354866274e+00,8.001667006354866274e+00,8.001667006354866274e+00,8.001667006354866274e+00,8.001667006354866274e+00,8.001667006354866274e+00,8.001667006354864498e+00
5.228781632229582144e+00,5.228781632229582144e+00,5.228781632229582144e+00,5.228781632229582144e+00,5.228781632229582144e+00,5.228781632229582144e+00,5.228781632229582144e+00,5.228781632229582144e+00,5.228781632229582144e+00,5.228781632229582144e+00,5.228781632229582144e+00,5.228781632229582144e+00,5.228781632229582144e+00
1.077147481624693315e+00,1.077147481624693315e+00,1.077147481624693315e+00,1.077147481624693315e+00,1.077147481624693315e+00,1.077147481624693315e+00,1.077147481624693093e+00,1.077147481624693093e+00,1.077147481624693093e+00,1.077147481624693093e+00,1.077147481624693093e+00,1.077147481624693093e+00,1.077147481624693093e+00
1.077147481624693537e+00,1.077147481624693537e+00,1.077147481624693537e+00,1.077147481624693537e+00,1.077147481624693537e+00,1.077147481624693537e+00,1.077147481624693315e+00,1.077147481624693315e+00,1.077147481624693315e+00,1.077147481624693315e+00,1.077147481624693315e+00,1.077147481624693315e+00,1.077147481624693315e+00
1.538782116606704286e-05,1.538782317420633031e-05,1.538782948209244886e-05,1.538785430805789337e-05,1.538794894540282057e-05,1.538810938735275826e-05,1.538828811922454283e-05,1.538841588507027731e-05,1.538846695648799190e-05,1.538846877059836030e-05,1.538844714785835772e-05,1.538842481290345776e-05,1.538840526663720696e-05
1.538782116606705018e-03,1.538782114598565703e-03,1.538782108290679632e-03,1.538782083464714130e-03,1.538781988827369294e-03,1.538781828385419421e-03,1.538781649653547454e-03,1.538781521887701807e-03,1.538781470816284096e-03,1.538781469002174036e-03,1.538781490624913876e-03,1.538781512959868725e-03,1.538781532506134806e-03
1.538782116606704964e-05,1.538782116606771032e-05,1.538782116606978047e-05,1.538782116607792893e-05,1.538782116610900826e-05,1.538782116616177164e-05,1.538782116622080645e-05,1.538782116626372730e-05,1.538782116628265679e-05,1.538782116628759669e-05,1.538782116628887740e-05,1.538782116628959569e-05,1.538782116629021233e-05
1.538782116606704625e-05,1.538782116606704625e-05,1.538782116606704625e-05,1.538782116606704625e-05,1.538782116606704625e-05,1.538782116606704625e-05,1.538782116606704286e-05,1.538782116606704286e-05,1.538782116606704286e-05,1.538782116606704286e-05,1.538782116606704286e-05,1.538782116606704286e-05,1.538782116606704625e-05
1.538782116606704625e-05,1.538782317420633370e-05,1.538782948209245225e-05,1.538785430805789676e-05,1.538794894540282396e-05,1.538810938735276165e-05,1.538828811922454622e-05,1.538841588507028070e-05,1.538846695648799528e-05,1.538846877059836369e-05,1.538844714785836111e-05,1.538842481290346115e-05,1.538840526663721035e-05
1.000000000000000000e+00,1.000000000000000000e+00,1.000000000000000000e+00,1.000000000000000000e+00,1.000000000000000000e+00,1.000000000000000000e+00,1.000000000000000000e+00,1.000000000000000000e+00,1.000000000000000000e+00,1.000000000000000000e+00,1.000000000000000000e+00,1.000000000000000000e+00,1.000000000000000000e+00
0.000000000000000000e+00,0.000000000000000000e+00,0.000000000000000000e+00,0.000000000000000000e+00,0.000000000000000000e+00,0.000000000000000000e+00,0.000000000000000000e+00,0.000000000000000000e+00,0.000000000000000000e+00,0.000000000000000000e+00,0.000000000000000000e+00,0.000000000000000000e+00,0.000000000000000000e+00
9.999999999999999547e-07,9.999999996771796049e-07,9.999999993543592551e-07,9.999999987087185554e-07,9.999999974174371562e-07,9.999999948348743576e-07,9.999999896697491839e-07,9.999999793394990483e-07,9.999999586789996241e-07,9.999999173580062815e-07,9.999998347160401369e-07,9.999997520740941092e-07,9.999996771798474888e-07
1.257677729514394809e-05,1.257677728707919324e-05,1.257677727901443839e-05,1.257677726288492699e-05,1.257677723062590589e-05,1.257677716610786370e-05,1.257677703707178100e-05,1.257677677899962409e-05,1.257677626285533904e-05,1.257677523056689771e-05,1.257677316599052666e-05,1.257677110141466890e-05,1.257676923039322064e-05
1.572097161892993723e-06,1.572097169957751750e-06,1.572097178022509777e-06,1.572097194152025832e-06,1.572097226411057940e-06,1.572097290929121734e-06,1.572097419965247204e-06,1.572097678037490098e-06,1.572098194181943698e-06,1.572099226470722785e-06,1.572101291047769138e-06,1.572103355624303036e-06,1.572105226646367090e-06
1.572097161892993511e-06,1.572097161892993511e-06,1.572097161892993511e-06,1.572097161892993511e-06,1.572097161892993511e-06,1.572097161892993511e-06,1.572097161892993511e-06,1.572097161892993511e-06,1.572097161892993511e-06,1.572097161892993511e-06,1.572097161892993511e-06,1.572097161892993511e-06,1.572097161892993511e-06
8.001667006354866274e+00,8.001667006354866274e+00,8.001667006354866274e+00,8.001667006354866274e+00,8.001667006354866274e+00,8.001667006354866274e+00,8.001667006354866274e+00,8.001667006354866274e+00,8.001667006354866274e+00,8.001667006354866274e+00,8.001667006354866274e+00,8.001667006354866274e+00,8.001667006354866274e+00
5.228781632229582144e+00,5.228781632229582144e+00,5.228781632229582144e+00,5.228781632229582144e+00,5.228781632229582144e+00,5.228781632229582144e+00,5.228781632229582144e+00,5.228781632229582144e+00,5.228781632229582144e+00,5.228781632229582144e+00,5.228781632229582144e+00,5.228781632229582144e+00,5.228781632229582144e+00
1.077147481624693315e+00,1.077147481624693315e+00,1.077147481624693315e+00,1.077147481624693315e+00,1.077147481624693315e+00,1.077147481624693315e+00,1.077147481624693315e+00,1.077147481624693315e+00,1.077147481624693315e+00,1.077147481624693315e+00,1.077147481624693315e+00,1.077147481624693315e+00,1.077147481624693315e+00
1.077147481624693537e+00,1.077147481624693537e+00,1.077147481624693537e+00,1.077147481624693537e+00,1.077147481624693537e+00,1.077147481624693537e+00,1.077147481624693537e+00,1.077147481624693537e+00,1.077147481624693537e+00,1.077147481624693537e+00,1.077147481624693537e+00,1.077147481624693537e+00,1.077147481624693537e+00
1.538782116606704286e-05,1.538782117413179941e-05,1.538782118219655595e-05,1.538782119832607243e-05,1.538782123058510538e-05,1.538782129510316791e-05,1.538782142413929295e-05,1.538782168221153627e-05,1.538782219835599241e-05,1.538782323064476917e-05,1.538782529522181446e-05,1.538782735979834815e-05,1.538782923082041305e-05
1.538782116606705018e-03,1.538782116598640289e-03,1.538782116590575559e-03,1.538782116574446100e-03,1.538782116542186966e-03,1.538782116477668913e-03,1.538782116348632809e-03,1.538782116090560599e-03,1.538782115574416180e-03,1.538782114542127559e-03,1.538782112477550318e-03,1.538782110412973726e-03,1.538782108541951726e-03
1.538782116606704964e-05,1.538782116606705303e-05,1.538782116606705641e-05,1.538782116606706319e-05,1.538782116606707335e-05,1.538782116606709368e-05,1.538782116606713434e-05,1.538782116606721904e-05,1.538782116606738845e-05,1.538782116606772726e-05,1.538782116606840489e-05,1.538782116606908252e-05,1.538782116606969577e-05
1.538782116606704625e-05,1.538782116606704625e-05,1.538782116606704625e-05,1.538782116606704625e-05,1.538782116606704625e-05,1.538782116606704625e-05,1.538782116606704625e-05,1.538782116606704625e-05,1.538782116606704625e-05,1.538782116606704625e-05,1.538782116606704625e-05,1.538782116606704625e-05,1.538782116606704625e-05
1.538782116606704625e-05,1.538782117413180279e-05,1.538782118219655934e-05,1.538782119832607582e-05,1.538782123058510877e-05,1.538782129510317130e-05,1.538782142413929634e-05,1.538782168221153966e-05,1.538782219835599580e-05,1.538782323064477256e-05,1.538782529522181785e-05,1.538782735979835154e-05,1.538782923082041644e-05
